x,cases,miners,y,y2
5.8,0,98,0,0.005050505
15,1,54,0.0185,0.027272727
21.5,3,43,0.0698,0.079545455
27.5,8,48,0.1667,0.173469388
33.5,9,51,0.1765,0.182692308
39.5,8,38,0.2105,0.217948718
46,10,28,0.3571,0.362068966
51.5,5,11,0.4545,0.458333333
